-- MySQL dump 10.13  Distrib 8.0.18, for macos10.14 (x86_64)
--
-- Host: localhost    Database: mytest
-- ------------------------------------------------------
-- Server version	8.0.18

/*!40101 SET @OLD_CHARACTER_SET_CLIENT=@@CHARACTER_SET_CLIENT */;
/*!40101 SET @OLD_CHARACTER_SET_RESULTS=@@CHARACTER_SET_RESULTS */;
/*!40101 SET @OLD_COLLATION_CONNECTION=@@COLLATION_CONNECTION */;
/*!50503 SET NAMES utf8 */;
/*!40103 SET @OLD_TIME_ZONE=@@TIME_ZONE */;
/*!40103 SET TIME_ZONE='+00:00' */;
/*!40014 SET @OLD_UNIQUE_CHECKS=@@UNIQUE_CHECKS, UNIQUE_CHECKS=0 */;
/*!40014 SET @OLD_FOREIGN_KEY_CHECKS=@@FOREIGN_KEY_CHECKS, FOREIGN_KEY_CHECKS=0 */;
/*!40101 SET @OLD_SQL_MODE=@@SQL_MODE, SQL_MODE='NO_AUTO_VALUE_ON_ZERO' */;
/*!40111 SET @OLD_SQL_NOTES=@@SQL_NOTES, SQL_NOTES=0 */;

--
-- Table structure for table `casbin_rule`
--

DROP TABLE IF EXISTS `casbin_rule`;
/*!40101 SET @saved_cs_client     = @@character_set_client */;
/*!50503 SET character_set_client = utf8mb4 */;
CREATE TABLE `casbin_rule` (
  `id` bigint(20) unsigned NOT NULL AUTO_INCREMENT,
  `ptype` varchar(100) DEFAULT NULL,
  `v0` varchar(100) DEFAULT NULL,
  `v1` varchar(100) DEFAULT NULL,
  `v2` varchar(100) DEFAULT NULL,
  `v3` varchar(100) DEFAULT NULL,
  `v4` varchar(100) DEFAULT NULL,
  `v5` varchar(100) DEFAULT NULL,
  PRIMARY KEY (`id`),
  UNIQUE KEY `idx_casbin_rule` (`ptype`,`v0`,`v1`,`v2`,`v3`,`v4`,`v5`)
) ENGINE=InnoDB AUTO_INCREMENT=11 DEFAULT CHARSET=utf8mb4 COLLATE=utf8mb4_0900_ai_ci;
/*!40101 SET character_set_client = @saved_cs_client */;

--
-- Dumping data for table `casbin_rule`
--

LOCK TABLES `casbin_rule` WRITE;
/*!40000 ALTER TABLE `casbin_rule` DISABLE KEYS */;
INSERT INTO `casbin_rule` VALUES (1,'g','deptadmin','deptupdater','domain1','','',''),(3,'g','deptadmin','deptupdater','domain2','','',''),(2,'g','deptupdater','deptselecter','domain1','','',''),(4,'g','deptupdater','deptselecter','domain2','','',''),(5,'g','lisi','deptupdater','domain2','','',''),(6,'g','shenyi','deptselecter','domain1','','',''),(7,'p','deptselecter','domain1','/depts','GET','',''),(8,'p','deptselecter','domain2','/depts','GET','',''),(9,'p','deptupdater','domain1','/depts','POST','',''),(10,'p','deptupdater','domain2','/depts','POST','','');
/*!40000 ALTER TABLE `casbin_rule` ENABLE KEYS */;
UNLOCK TABLES;

--
-- Table structure for table `roles`
--

DROP TABLE IF EXISTS `roles`;
/*!40101 SET @saved_cs_client     = @@character_set_client */;
/*!50503 SET character_set_client = utf8mb4 */;
CREATE TABLE `roles` (
  `role_id` int(11) NOT NULL AUTO_INCREMENT,
  `role_name` varchar(50) CHARACTER SET utf8mb4 COLLATE utf8mb4_bin DEFAULT NULL,
  `role_pid` int(11) DEFAULT '0',
  `role_comment` varchar(20) CHARACTER SET utf8mb4 COLLATE utf8mb4_bin DEFAULT NULL,
  `tenant_id` int(11) DEFAULT '0',
  PRIMARY KEY (`role_id`) USING BTREE,
  KEY `TenantId` (`tenant_id`) USING BTREE
) ENGINE=InnoDB AUTO_INCREMENT=11 DEFAULT CHARSET=utf8mb4 COLLATE=utf8mb4_bin ROW_FORMAT=DYNAMIC;
/*!40101 SET character_set_client = @saved_cs_client */;

--
-- Dumping data for table `roles`
--

LOCK TABLES `roles` WRITE;
/*!40000 ALTER TABLE `roles` DISABLE KEYS */;
INSERT INTO `roles` VALUES (2,'deptadmin',0,'部门管理员',1),(3,'deptselecter',7,'部门查询员',1),(7,'deptupdater',2,'部门编辑员',1),(8,'deptadmin',0,'部门管理员',2),(9,'deptselecter',10,'部门查询员',2),(10,'deptupdater',8,'部门编辑员',2);
/*!40000 ALTER TABLE `roles` ENABLE KEYS */;
UNLOCK TABLES;

--
-- Table structure for table `router_roles`
--

DROP TABLE IF EXISTS `router_roles`;
/*!40101 SET @saved_cs_client     = @@character_set_client */;
/*!50503 SET character_set_client = utf8mb4 */;
CREATE TABLE `router_roles` (
  `id` int(11) NOT NULL AUTO_INCREMENT,
  `router_id` int(11) DEFAULT NULL,
  `role_id` int(11) DEFAULT NULL,
  PRIMARY KEY (`id`) USING BTREE,
  UNIQUE KEY `router_id` (`router_id`,`role_id`) USING BTREE
) ENGINE=InnoDB AUTO_INCREMENT=17 DEFAULT CHARSET=utf8mb4 COLLATE=utf8mb4_bin ROW_FORMAT=DYNAMIC;
/*!40101 SET character_set_client = @saved_cs_client */;

--
-- Dumping data for table `router_roles`
--

LOCK TABLES `router_roles` WRITE;
/*!40000 ALTER TABLE `router_roles` DISABLE KEYS */;
INSERT INTO `router_roles` VALUES (13,1,3),(15,1,9),(14,3,7),(16,3,10);
/*!40000 ALTER TABLE `router_roles` ENABLE KEYS */;
UNLOCK TABLES;

--
-- Table structure for table `routers`
--

DROP TABLE IF EXISTS `routers`;
/*!40101 SET @saved_cs_client     = @@character_set_client */;
/*!50503 SET character_set_client = utf8mb4 */;
CREATE TABLE `routers` (
  `r_id` int(11) NOT NULL AUTO_INCREMENT,
  `r_name` varchar(50) CHARACTER SET utf8mb4 COLLATE utf8mb4_bin DEFAULT NULL,
  `r_uri` varchar(500) CHARACTER SET utf8mb4 COLLATE utf8mb4_bin DEFAULT NULL,
  `r_method` varchar(10) CHARACTER SET utf8mb4 COLLATE utf8mb4_bin DEFAULT NULL,
  `r_status` tinyint(4) DEFAULT NULL,
  PRIMARY KEY (`r_id`) USING BTREE
) ENGINE=InnoDB AUTO_INCREMENT=4 DEFAULT CHARSET=utf8mb4 COLLATE=utf8mb4_bin ROW_FORMAT=DYNAMIC;
/*!40101 SET character_set_client = @saved_cs_client */;

--
-- Dumping data for table `routers`
--

LOCK TABLES `routers` WRITE;
/*!40000 ALTER TABLE `routers` DISABLE KEYS */;
INSERT INTO `routers` VALUES (1,'部门列表','/depts','GET',1),(3,'新增部门','/depts','POST',1);
/*!40000 ALTER TABLE `routers` ENABLE KEYS */;
UNLOCK TABLES;

--
-- Table structure for table `sources`
--

DROP TABLE IF EXISTS `sources`;
/*!40101 SET @saved_cs_client     = @@character_set_client */;
/*!50503 SET character_set_client = utf8mb4 */;
CREATE TABLE `sources` (
  `source_id` int(11) NOT NULL AUTO_INCREMENT,
  `source_name` varchar(20) CHARACTER SET utf8mb4 COLLATE utf8mb4_general_ci DEFAULT NULL,
  `source_uri` varchar(500) CHARACTER SET utf8mb4 COLLATE utf8mb4_general_ci DEFAULT NULL,
  PRIMARY KEY (`source_id`) USING BTREE
) ENGINE=InnoDB AUTO_INCREMENT=3 DEFAULT CHARSET=utf8mb4 COLLATE=utf8mb4_general_ci ROW_FORMAT=DYNAMIC;
/*!40101 SET character_set_client = @saved_cs_client */;

--
-- Dumping data for table `sources`
--

LOCK TABLES `sources` WRITE;
/*!40000 ALTER TABLE `sources` DISABLE KEYS */;
INSERT INTO `sources` VALUES (1,'jtthink','http://oauth.jtthink.com'),(2,'github','http://github.com');
/*!40000 ALTER TABLE `sources` ENABLE KEYS */;
UNLOCK TABLES;

--
-- Table structure for table `tenants`
--

DROP TABLE IF EXISTS `tenants`;
/*!40101 SET @saved_cs_client     = @@character_set_client */;
/*!50503 SET character_set_client = utf8mb4 */;
CREATE TABLE `tenants` (
  `tenant_id` int(11) NOT NULL AUTO_INCREMENT,
  `tenant_name` varchar(50) CHARACTER SET utf8mb4 COLLATE utf8mb4_bin DEFAULT NULL,
  PRIMARY KEY (`tenant_id`) USING BTREE
) ENGINE=InnoDB AUTO_INCREMENT=3 DEFAULT CHARSET=utf8mb4 COLLATE=utf8mb4_bin ROW_FORMAT=DYNAMIC;
/*!40101 SET character_set_client = @saved_cs_client */;

--
-- Dumping data for table `tenants`
--

LOCK TABLES `tenants` WRITE;
/*!40000 ALTER TABLE `tenants` DISABLE KEYS */;
INSERT INTO `tenants` VALUES (1,'domain1'),(2,'domain2');
/*!40000 ALTER TABLE `tenants` ENABLE KEYS */;
UNLOCK TABLES;

--
-- Table structure for table `user_roles`
--

DROP TABLE IF EXISTS `user_roles`;
/*!40101 SET @saved_cs_client     = @@character_set_client */;
/*!50503 SET character_set_client = utf8mb4 */;
CREATE TABLE `user_roles` (
  `id` int(11) NOT NULL AUTO_INCREMENT,
  `user_id` int(11) NOT NULL,
  `role_id` int(11) NOT NULL,
  PRIMARY KEY (`id`) USING BTREE,
  UNIQUE KEY `user_id` (`user_id`,`role_id`) USING BTREE,
  KEY `role_id` (`role_id`) USING BTREE
) ENGINE=InnoDB AUTO_INCREMENT=3 DEFAULT CHARSET=utf8mb4 COLLATE=utf8mb4_bin ROW_FORMAT=DYNAMIC;
/*!40101 SET character_set_client = @saved_cs_client */;

--
-- Dumping data for table `user_roles`
--

LOCK TABLES `user_roles` WRITE;
/*!40000 ALTER TABLE `user_roles` DISABLE KEYS */;
INSERT INTO `user_roles` VALUES (1,1,3),(2,2,10);
/*!40000 ALTER TABLE `user_roles` ENABLE KEYS */;
UNLOCK TABLES;

--
-- Table structure for table `users`
--

DROP TABLE IF EXISTS `users`;
/*!40101 SET @saved_cs_client     = @@character_set_client */;
/*!50503 SET character_set_client = utf8mb4 */;
CREATE TABLE `users` (
  `user_id` int(11) NOT NULL AUTO_INCREMENT,
  `user_name` varchar(50) CHARACTER SET utf8mb4 COLLATE utf8mb4_general_ci DEFAULT NULL,
  `user_pwd` varchar(50) CHARACTER SET utf8mb4 COLLATE utf8mb4_general_ci DEFAULT NULL,
  `user_addtime` datetime DEFAULT CURRENT_TIMESTAMP,
  `source_id` int(11) DEFAULT '0',
  `source_userid` varchar(50) CHARACTER SET utf8mb4 COLLATE utf8mb4_general_ci DEFAULT NULL,
  PRIMARY KEY (`user_id`) USING BTREE,
  UNIQUE KEY `user_name` (`user_name`) USING BTREE,
  UNIQUE KEY `source_idname` (`source_id`,`source_userid`) USING BTREE
) ENGINE=InnoDB AUTO_INCREMENT=7 DEFAULT CHARSET=utf8mb4 COLLATE=utf8mb4_general_ci ROW_FORMAT=DYNAMIC;
/*!40101 SET character_set_client = @saved_cs_client */;

--
-- Dumping data for table `users`
--

LOCK TABLES `users` WRITE;
/*!40000 ALTER TABLE `users` DISABLE KEYS */;
INSERT INTO `users` VALUES (2,'zhangsan','123','2020-09-29 15:21:44',0,'a'),(3,'lisi','123','2020-09-24 15:21:11',0,''),(6,'wangwu','123','2020-10-20 00:25:45',1,'shenyi');
/*!40000 ALTER TABLE `users` ENABLE KEYS */;
UNLOCK TABLES;
/*!40103 SET TIME_ZONE=@OLD_TIME_ZONE */;

/*!40101 SET SQL_MODE=@OLD_SQL_MODE */;
/*!40014 SET FOREIGN_KEY_CHECKS=@OLD_FOREIGN_KEY_CHECKS */;
/*!40014 SET UNIQUE_CHECKS=@OLD_UNIQUE_CHECKS */;
/*!40101 SET CHARACTER_SET_CLIENT=@OLD_CHARACTER_SET_CLIENT */;
/*!40101 SET CHARACTER_SET_RESULTS=@OLD_CHARACTER_SET_RESULTS */;
/*!40101 SET COLLATION_CONNECTION=@OLD_COLLATION_CONNECTION */;
/*!40111 SET SQL_NOTES=@OLD_SQL_NOTES */;

-- Dump completed on 2021-04-13 11:42:43
